"","Mean","Median","Mode","ESS","HDImass","HDIlow","HDIhigh","CompVal","PcntGtCompVal","ROPElow","ROPEhigh","PcntLtROPE","PcntInROPE","PcntGtROPE"
"beta0[1]",50145.462845,49987.65,49303.3615481287,12320.6,0.95,41465.9,59581,NA,NA,NA,NA,NA,NA,NA
"beta0[2]",74160.090105,74182.2,74315.9422648791,18370.7,0.95,65338.9,82982,NA,NA,NA,NA,NA,NA,NA
"beta0[3]",55251.716545,54948.4,54473.2386748892,9041.3,0.95,46250.2,64669.7,NA,NA,NA,NA,NA,NA,NA
"beta0[4]",43719.69099,43507.4,42844.2025627153,11873.2,0.95,35045.6,52976.3,NA,NA,NA,NA,NA,NA,NA
"beta0[5]",63326.3457,63192.5,62566.721560972,14641.3,0.95,54759.8,72550.1,NA,NA,NA,NA,NA,NA,NA
"beta0[6]",64731.36042,64667.15,64172.4637322756,16798.3,0.95,55873,73464.7,NA,NA,NA,NA,NA,NA,NA
"beta0[7]",80572.584455,80631.85,79944.6554816249,18349.6,0.95,70464.8,90190.6,NA,NA,NA,NA,NA,NA,NA
"beta0[8]",66403.12722,66440.45,67160.8761639941,17598.6,0.95,57045.1,75860,NA,NA,NA,NA,NA,NA,NA
"beta0[9]",59841.429945,59480.8,58896.5156633235,6499.9,0.95,48662.1,71352,NA,NA,NA,NA,NA,NA,NA
"beta0[10]",54426.4332,54494.8,54784.4740972107,16761.9,0.95,45349.7,63139,NA,NA,NA,NA,NA,NA,NA
"beta0[11]",55161.325515,55026.7,54306.530265451,15394.7,0.95,46499.7,64150,NA,NA,NA,NA,NA,NA,NA
"beta0[12]",73749.573435,74357.05,75209.6930728326,6232.4,0.95,62201,84308.2,NA,NA,NA,NA,NA,NA,NA
"beta0[13]",49786.436625,49764.7,50078.0489927955,18334.4,0.95,41000.8,58400,NA,NA,NA,NA,NA,NA,NA
"beta0[14]",64070.352985,64073.9,63976.8620093126,16123.2,0.95,54755.5,73046,NA,NA,NA,NA,NA,NA,NA
"beta0[15]",55621.108675,55580.5,54961.4251889906,18006.9,0.95,46897.3,64803.4,NA,NA,NA,NA,NA,NA,NA
"beta0[16]",57573.8102,57408.05,56882.3925408902,14645.7,0.95,48346.5,66719.3,NA,NA,NA,NA,NA,NA,NA
"beta0[17]",57750.991055,57573.8,57634.381227695,13864.8,0.95,49125.9,67205.6,NA,NA,NA,NA,NA,NA,NA
"beta0[18]",49181.19031,49237.6,49417.9883810606,14640.1,0.95,40066.4,58295.1,NA,NA,NA,NA,NA,NA,NA
"beta0[19]",50241.35829,50103.2,49849.4272663164,15899,0.95,41693.4,59708.5,NA,NA,NA,NA,NA,NA,NA
"beta0[20]",55910.63575,55971.05,56073.137939757,18101.5,0.95,46997,65177.6,NA,NA,NA,NA,NA,NA,NA
"beta0[21]",80258.363315,80563.15,81156.0718818376,10708.9,0.95,69964.5,89501.7,NA,NA,NA,NA,NA,NA,NA
"beta0[22]",80365.1755,80963.3,82351.4957206067,5235.6,0.95,67977.2,91298.4,NA,NA,NA,NA,NA,NA,NA
"beta0[23]",56859.61276,56755.85,56615.5731779452,16280.4,0.95,48266.3,66567.8,NA,NA,NA,NA,NA,NA,NA
"beta0[24]",68419.239645,68393.4,68231.2582486916,18628,0.95,59452,77957.5,NA,NA,NA,NA,NA,NA,NA
"beta0[25]",42395.54065,42129.75,41321.1410611618,12288.5,0.95,33285.8,51621.1,NA,NA,NA,NA,NA,NA,NA
"beta0[26]",55314.81711,55278,54789.2986174792,16916.8,0.95,46211.3,64164.9,NA,NA,NA,NA,NA,NA,NA
"beta0[27]",53298.275725,53255.25,53337.1130874973,18195.8,0.95,44319.5,61832.5,NA,NA,NA,NA,NA,NA,NA
"beta0[28]",58597.62078,58568.8,58384.446157586,17669.1,0.95,50036.3,67499.9,NA,NA,NA,NA,NA,NA,NA
"beta0[29]",60127.398685,60185.8,60004.2698910349,18228.4,0.95,51571,68994.4,NA,NA,NA,NA,NA,NA,NA
"beta0[30]",75220.543915,75594.1,76091.7504782184,8616.3,0.95,64726.2,85300.3,NA,NA,NA,NA,NA,NA,NA
"beta0[31]",82019.049675,82383.9,83699.9354750886,8691.2,0.95,71202.5,91720.6,NA,NA,NA,NA,NA,NA,NA
"beta0[32]",48175.572475,48184.4,48285.2782826656,17631,0.95,39392.6,56739.1,NA,NA,NA,NA,NA,NA,NA
"beta0[33]",64776.767855,64961.4,65561.43673352,13089.4,0.95,55367.5,74138.5,NA,NA,NA,NA,NA,NA,NA
"beta0[34]",51946.129835,51718.4,51565.8690329143,10239.3,0.95,43444.3,61654.7,NA,NA,NA,NA,NA,NA,NA
"beta0[35]",57331.925725,57125.35,57007.3945091432,14634.8,0.95,47934.7,66781.2,NA,NA,NA,NA,NA,NA,NA
"beta0[36]",57431.54951,57564.65,57663.212605053,15505.5,0.95,48457.8,66840.3,NA,NA,NA,NA,NA,NA,NA
"beta0[37]",49490.318675,49283.75,48405.081467668,12929.1,0.95,40573.6,58705.5,NA,NA,NA,NA,NA,NA,NA
"beta0[38]",57237.986605,57209.8,57276.7604501602,18193,0.95,48422.9,66250.5,NA,NA,NA,NA,NA,NA,NA
"beta0[39]",60793.011165,60873.75,61405.8035165687,19311.4,0.95,51540.6,70274.6,NA,NA,NA,NA,NA,NA,NA
"beta0[40]",19043.5466821,18947.25,18755.9757767786,16143.7,0.95,10466.3,28036.5,NA,NA,NA,NA,NA,NA,NA
"beta0[41]",68545.038305,68598.3,68883.0927024898,17419.3,0.95,59652.7,78085.4,NA,NA,NA,NA,NA,NA,NA
"beta0[42]",51748.15061,51659.7,51808.8778044839,16902.9,0.95,43088.4,60666.7,NA,NA,NA,NA,NA,NA,NA
"beta0[43]",55771.77456,55608.15,55827.5342821965,14339.4,0.95,47095.5,65378.8,NA,NA,NA,NA,NA,NA,NA
"beta0[44]",49952.89098,49828,49302.3124937234,17723.3,0.95,41051.9,58949.6,NA,NA,NA,NA,NA,NA,NA
"beta0[45]",52711.47542,52443.85,52376.1808012841,10570.6,0.95,43807.7,62222.8,NA,NA,NA,NA,NA,NA,NA
"beta0[46]",59381.092315,59744.45,60797.8096222801,8002.8,0.95,49322.6,68631.4,NA,NA,NA,NA,NA,NA,NA
"beta0[47]",60102.617635,60040.3,59498.8704150072,18103.4,0.95,51120.9,69313.7,NA,NA,NA,NA,NA,NA,NA
"beta0[48]",69033.44872,69185.95,69639.0682111261,14008.7,0.95,59572.5,77740.6,NA,NA,NA,NA,NA,NA,NA
"beta0[49]",64748.7057,64611.9,64524.6248009943,16000.2,0.95,55858.9,74089.2,NA,NA,NA,NA,NA,NA,NA
"beta0[50]",46514.377015,46436.65,47147.0838278896,17608.8,0.95,37744.2,55877.7,NA,NA,NA,NA,NA,NA,NA
"beta0[51]",61503.95189,61360.2,61326.6314693439,14998.4,0.95,52454.9,71189.1,NA,NA,NA,NA,NA,NA,NA
"beta0[52]",63068.643585,63312.3,63899.758938201,12429.7,0.95,52964.6,72008.7,NA,NA,NA,NA,NA,NA,NA
"beta1[1]",1547.3344478426,1630.075,1706.77913364201,10139.2,0.95,-164.415,3045.46,NA,NA,NA,NA,NA,NA,NA
"beta1[2]",1917.78916172395,1873.14,1832.36479901246,16223.8,0.95,399.198,3558.46,NA,NA,NA,NA,NA,NA,NA
"beta1[3]",1361.78523002799,1493.02,1694.91607407076,8541.9,0.95,-469.351,2849.71,NA,NA,NA,NA,NA,NA,NA
"beta1[4]",1473.1008168654,1572.62,1678.63112761625,9226.7,0.95,-338.161,2902.26,NA,NA,NA,NA,NA,NA,NA
"beta1[5]",1594.41523274535,1657.43,1731.39972547591,12253.8,0.95,-101.711,3028.84,NA,NA,NA,NA,NA,NA,NA
"beta1[6]",1722.66806437115,1737.41,1738.7057824143,16115.9,0.95,92.2051,3197.43,NA,NA,NA,NA,NA,NA,NA
"beta1[7]",1900.76629779287,1868.005,1854.75820329324,13683.7,0.95,302.72,3580.88,NA,NA,NA,NA,NA,NA,NA
"beta1[8]",1875.91098429765,1843.4,1777.25359725044,14685.4,0.95,285.912,3579.04,NA,NA,NA,NA,NA,NA,NA
"beta1[9]",847.067159896985,1147.605,1617.61246238153,3666.6,0.95,-1690.05,2585.97,NA,NA,NA,NA,NA,NA,NA
"beta1[10]",1897.65262793815,1868.515,1881.69046606556,14792.2,0.95,391.353,3548.05,NA,NA,NA,NA,NA,NA,NA
"beta1[11]",1589.8021906763,1655.16,1728.33392585123,13709.1,0.95,-90.891,3078.8,NA,NA,NA,NA,NA,NA,NA
"beta1[12]",2635.4704095205,2361.245,1916.26689146828,4471.6,0.95,985.515,5090.27,NA,NA,NA,NA,NA,NA,NA
"beta1[13]",1760.58401137495,1770.31,1772.16339351928,16760.2,0.95,210.784,3310.07,NA,NA,NA,NA,NA,NA,NA
"beta1[14]",1823.8950706235,1808.685,1783.16748984733,15159.7,0.95,177.546,3394.25,NA,NA,NA,NA,NA,NA,NA
"beta1[15]",1835.64670273025,1819.645,1749.52874320969,13690.8,0.95,285.442,3434.08,NA,NA,NA,NA,NA,NA,NA
"beta1[16]",1507.08527549225,1597.245,1714.83228923982,11707.6,0.95,-228.715,3047.6,NA,NA,NA,NA,NA,NA,NA
"beta1[17]",1506.17640834212,1596.7,1697.56760356787,10745.4,0.95,-227.668,2967.42,NA,NA,NA,NA,NA,NA,NA
"beta1[18]",1895.5129837795,1860.945,1758.17951610971,13983.2,0.95,368.137,3563.3,NA,NA,NA,NA,NA,NA,NA
"beta1[19]",1690.91441534915,1724.29,1709.87853253575,14239.4,0.95,54.0827,3253.62,NA,NA,NA,NA,NA,NA,NA
"beta1[20]",1872.49756574635,1837.09,1735.65419521299,15881.9,0.95,229.087,3443.01,NA,NA,NA,NA,NA,NA,NA
"beta1[21]",2178.230363332,2052.9,1829.43877518053,7599.6,0.95,714.473,4032.61,NA,NA,NA,NA,NA,NA,NA
"beta1[22]",2643.3904514295,2386.63,1913.1510409616,4354.1,0.95,1001.22,4983.88,NA,NA,NA,NA,NA,NA,NA
"beta1[23]",1645.5804983827,1688.27,1731.75724754033,12801,0.95,-27.948,3219.56,NA,NA,NA,NA,NA,NA,NA
"beta1[24]",1736.75581034565,1750.55,1780.35303998129,17378.5,0.95,-3.99823,3336.88,NA,NA,NA,NA,NA,NA,NA
"beta1[25]",1444.390138222,1549.97,1699.41630264734,10168.1,0.95,-306.81,2970.16,NA,NA,NA,NA,NA,NA,NA
"beta1[26]",1811.31064803245,1801.585,1774.23231272292,17167.2,0.95,277.511,3433.24,NA,NA,NA,NA,NA,NA,NA
"beta1[27]",1704.5479068762,1726.755,1720.76867271183,16430.7,0.95,50.638,3192.22,NA,NA,NA,NA,NA,NA,NA
"beta1[28]",1767.6703756353,1768.12,1790.12056894101,14578.9,0.95,222.124,3368.68,NA,NA,NA,NA,NA,NA,NA
"beta1[29]",1909.3108595351,1872.83,1816.58862964941,15951.8,0.95,320.598,3493.89,NA,NA,NA,NA,NA,NA,NA
"beta1[30]",2296.80486562245,2121.97,1912.16132921397,6315.4,0.95,700.131,4207.51,NA,NA,NA,NA,NA,NA,NA
"beta1[31]",2290.1094406245,2124.43,1853.55469948492,6614.8,0.95,796.168,4282.5,NA,NA,NA,NA,NA,NA,NA
"beta1[32]",1851.5673667743,1828.25,1763.728604927,17246.3,0.95,316.928,3441.01,NA,NA,NA,NA,NA,NA,NA
"beta1[33]",2079.340701543,1984.7,1791.46386821303,8964,0.95,548.323,3766.14,NA,NA,NA,NA,NA,NA,NA
"beta1[34]",1458.9534707493,1567.905,1695.5017329001,8631.6,0.95,-396.388,2867.73,NA,NA,NA,NA,NA,NA,NA
"beta1[35]",1446.7084068232,1563.75,1698.26119710862,8164.2,0.95,-366.67,3020.38,NA,NA,NA,NA,NA,NA,NA
"beta1[36]",1975.8247347801,1912.965,1775.78586616253,14017.2,0.95,502.732,3720.73,NA,NA,NA,NA,NA,NA,NA
"beta1[37]",1474.82842834335,1575.07,1705.47617350324,9977.7,0.95,-217.232,3013.8,NA,NA,NA,NA,NA,NA,NA
"beta1[38]",1785.4982585305,1786.02,1783.52525041916,17018.4,0.95,270.236,3358.72,NA,NA,NA,NA,NA,NA,NA
"beta1[39]",1834.577368094,1818.235,1825.05287843843,16132.9,0.95,249.159,3507.17,NA,NA,NA,NA,NA,NA,NA
"beta1[40]",1680.947634246,1717.33,1765.87932226987,12555.8,0.95,26.0219,3140.9,NA,NA,NA,NA,NA,NA,NA
"beta1[41]",1826.9350058575,1807.59,1772.43964513279,14600.8,0.95,184.427,3432.76,NA,NA,NA,NA,NA,NA,NA
"beta1[42]",1619.0198659555,1670.305,1726.247111708,13246.8,0.95,-1.77817,3169.98,NA,NA,NA,NA,NA,NA,NA
"beta1[43]",1531.14067288445,1612.005,1693.77541011575,11935.4,0.95,-221.508,2980.52,NA,NA,NA,NA,NA,NA,NA
"beta1[44]",1673.0900007635,1715.705,1771.13543131904,15564.5,0.95,37.7634,3195.29,NA,NA,NA,NA,NA,NA,NA
"beta1[45]",1326.53950981385,1466.775,1669.65484685796,6059.2,0.95,-478.577,2824.95,NA,NA,NA,NA,NA,NA,NA
"beta1[46]",2335.2782216335,2163.875,1972.9344701741,6123.4,0.95,829.672,4280.6,NA,NA,NA,NA,NA,NA,NA
"beta1[47]",1648.072454479,1692.495,1697.1299687763,11418.5,0.95,-81.577,3308.82,NA,NA,NA,NA,NA,NA,NA
"beta1[48]",2033.4635146225,1951.115,1786.06544410151,11239.5,0.95,646.17,3814.34,NA,NA,NA,NA,NA,NA,NA
"beta1[49]",1561.6402092998,1632.93,1721.62137030117,12550.5,0.95,-125.932,3072.73,NA,NA,NA,NA,NA,NA,NA
"beta1[50]",1669.6652681672,1710.515,1732.05025949497,15488.1,0.95,1.13963,3295.66,NA,NA,NA,NA,NA,NA,NA
"beta1[51]",1562.28191549765,1636.375,1707.31985295041,9909.4,0.95,-264.183,3025.58,NA,NA,NA,NA,NA,NA,NA
"beta1[52]",2195.5592134895,2066.375,1872.28626892987,8363.9,0.95,688.598,4028.14,NA,NA,NA,NA,NA,NA,NA
"beta0mu",58954.70641,58961.05,59022.5843781005,11975.1,0.95,54729.2,63369.9,NA,NA,NA,NA,NA,NA,NA
"beta1mu",1773.35872875,1772.92,1740.53591943922,6748,0.95,1221.73,2325.14,NA,NA,NA,NA,NA,NA,NA
"zbeta0[1]",-0.6587718549405,-0.658257,-0.65110623925314,20000,0.95,-1.04743,-0.259902,NA,NA,NA,NA,NA,NA,NA
"zbeta0[2]",1.0804418898,1.080635,1.08645369847038,20718.4,0.95,0.698259,1.48123,NA,NA,NA,NA,NA,NA,NA
"zbeta0[3]",-0.369512160688845,-0.3703725,-0.385117445143321,18395.6,0.95,-0.754225,0.026759,NA,NA,NA,NA,NA,NA,NA
"zbeta0[4]",-1.11656045585,-1.118015,-1.13470621981622,20000,0.95,-1.4949,-0.72475,NA,NA,NA,NA,NA,NA,NA
"zbeta0[5]",0.248211433810765,0.248845,0.24810630361312,21036.8,0.95,-0.132843,0.628957,NA,NA,NA,NA,NA,NA,NA
"zbeta0[6]",0.382446742472555,0.381229,0.345682443857587,20000,0.95,-0.000321216,0.761338,NA,NA,NA,NA,NA,NA,NA
"zbeta0[7]",1.5095210031,1.51127,1.54273507334851,20000,0.95,1.07374,1.95455,NA,NA,NA,NA,NA,NA,NA
"zbeta0[8]",0.542362682446475,0.5422315,0.548909686446007,19548.6,0.95,0.115761,0.970379,NA,NA,NA,NA,NA,NA,NA
"zbeta0[9]",-0.21554746060663,-0.2184045,-0.216151535224774,17516,0.95,-0.713988,0.331629,NA,NA,NA,NA,NA,NA,NA
"zbeta0[10]",-0.262097004771039,-0.2629135,-0.26365118271503,20000,0.95,-0.633509,0.127003,NA,NA,NA,NA,NA,NA,NA
"zbeta0[11]",-0.30614570421699,-0.306888,-0.304250982313624,20000,0.95,-0.681864,0.0803897,NA,NA,NA,NA,NA,NA,NA
"zbeta0[12]",1.27135346845,1.2711,1.26559175466756,19085.6,0.95,0.829672,1.697,NA,NA,NA,NA,NA,NA,NA
"zbeta0[13]",-0.6180982601175,-0.619806,-0.640399432753969,20860.5,0.95,-0.987676,-0.245136,NA,NA,NA,NA,NA,NA,NA
"zbeta0[14]",0.36853081375625,0.3686645,0.343549800223782,19455.6,0.95,-0.0328004,0.751218,NA,NA,NA,NA,NA,NA,NA
"zbeta0[15]",-0.20008744888279,-0.199172,-0.177262581865724,19522.9,0.95,-0.567109,0.200005,NA,NA,NA,NA,NA,NA,NA
"zbeta0[16]",-0.167975362328665,-0.1704915,-0.190815287729366,20000,0.95,-0.549641,0.258495,NA,NA,NA,NA,NA,NA,NA
"zbeta0[17]",-0.156253304789935,-0.15552,-0.150055880737627,20000,0.95,-0.551059,0.228947,NA,NA,NA,NA,NA,NA,NA
"zbeta0[18]",-0.617967294158,-0.6190365,-0.58506844088239,19017.2,0.95,-0.996832,-0.230493,NA,NA,NA,NA,NA,NA,NA
"zbeta0[19]",-0.608521798613145,-0.609543,-0.609038031114793,18292.9,0.95,-0.993032,-0.21168,NA,NA,NA,NA,NA,NA,NA
"zbeta0[20]",-0.169249837923415,-0.170412,-0.175530512953483,20000,0.95,-0.563868,0.209405,NA,NA,NA,NA,NA,NA,NA
"zbeta0[21]",1.5727981728,1.57478,1.58721781238962,20000,0.95,1.16177,1.96471,NA,NA,NA,NA,NA,NA,NA
"zbeta0[22]",1.72178879065,1.72488,1.74857715368058,19539,0.95,1.29963,2.16646,NA,NA,NA,NA,NA,NA,NA
"zbeta0[23]",-0.17413592584083,-0.17614,-0.193520549226414,20000,0.95,-0.578402,0.239889,NA,NA,NA,NA,NA,NA,NA
"zbeta0[24]",0.6364904442205,0.6385875,0.639891738017809,20000,0.95,0.213808,1.05875,NA,NA,NA,NA,NA,NA,NA
"zbeta0[25]",-1.214984072,-1.215635,-1.2230711823838,20000,0.95,-1.6061,-0.815246,NA,NA,NA,NA,NA,NA,NA
"zbeta0[26]",-0.228246475640178,-0.227035,-0.220278930224987,20000,0.95,-0.615663,0.159207,NA,NA,NA,NA,NA,NA,NA
"zbeta0[27]",-0.39734650087255,-0.3970565,-0.403052490794362,19330.1,0.95,-0.779772,-0.0225861,NA,NA,NA,NA,NA,NA,NA
"zbeta0[28]",-0.01922786482229,-0.0187053,-0.00120339371483946,22275,0.95,-0.398047,0.357547,NA,NA,NA,NA,NA,NA,NA
"zbeta0[29]",0.127536501753435,0.1277345,0.124422689253354,20761.7,0.95,-0.261935,0.507148,NA,NA,NA,NA,NA,NA,NA
"zbeta0[30]",1.26776253455,1.26909,1.26001085559323,20000,0.95,0.832163,1.66336,NA,NA,NA,NA,NA,NA,NA
"zbeta0[31]",1.72613041155,1.72758,1.74721620461599,20000,0.95,1.30093,2.14679,NA,NA,NA,NA,NA,NA,NA
"zbeta0[32]",-0.6994620638083,-0.6999615,-0.718539073340257,20629.8,0.95,-1.07232,-0.334011,NA,NA,NA,NA,NA,NA,NA
"zbeta0[33]",0.49421742364365,0.494681,0.486692440522523,19397.9,0.95,0.103839,0.896179,NA,NA,NA,NA,NA,NA,NA
"zbeta0[34]",-0.56376111624915,-0.5643085,-0.577698304084992,20000,0.95,-0.957408,-0.174469,NA,NA,NA,NA,NA,NA,NA
"zbeta0[35]",-0.202756050138885,-0.205063,-0.232067742827985,20000,0.95,-0.619764,0.230109,NA,NA,NA,NA,NA,NA,NA
"zbeta0[36]",-0.0347616810371295,-0.03550565,-0.0461333565260869,19243.9,0.95,-0.411295,0.357645,NA,NA,NA,NA,NA,NA,NA
"zbeta0[37]",-0.72523561630215,-0.7258475,-0.736061745132858,20000,0.95,-1.10862,-0.341408,NA,NA,NA,NA,NA,NA,NA
"zbeta0[38]",-0.10587193303538,-0.106754,-0.129381063867388,20000,0.95,-0.493957,0.261705,NA,NA,NA,NA,NA,NA,NA
"zbeta0[39]",0.149838164251415,0.15013,0.136897720915453,20485.7,0.95,-0.248192,0.5531,NA,NA,NA,NA,NA,NA,NA
"zbeta0[40]",-2.7243366975,-2.727365,-2.71567470547286,20000,0.95,-3.09037,-2.33099,NA,NA,NA,NA,NA,NA,NA
"zbeta0[41]",0.6724918029795,0.674085,0.679915903837353,19060.6,0.95,0.268852,1.06375,NA,NA,NA,NA,NA,NA,NA
"zbeta0[42]",-0.5283886187175,-0.5275575,-0.506520332624716,20000,0.95,-0.908551,-0.132717,NA,NA,NA,NA,NA,NA,NA
"zbeta0[43]",-0.282681922653745,-0.284655,-0.308144793606901,20000,0.95,-0.683413,0.107016,NA,NA,NA,NA,NA,NA,NA
"zbeta0[44]",-0.6334893231173,-0.6348545,-0.636299054039034,19336.9,0.95,-1.02004,-0.241479,NA,NA,NA,NA,NA,NA,NA
"zbeta0[45]",-0.55228339576525,-0.553541,-0.544686365616374,20000,0.95,-0.953022,-0.174774,NA,NA,NA,NA,NA,NA,NA
"zbeta0[46]",0.206808244982595,0.2057115,0.208336933166942,20000,0.95,-0.180013,0.593395,NA,NA,NA,NA,NA,NA,NA
"zbeta0[47]",0.046246159072103,0.048543,0.0285821391645316,20000,0.95,-0.386651,0.469902,NA,NA,NA,NA,NA,NA,NA
"zbeta0[48]",0.7685072372465,0.771051,0.792290056436876,20000,0.95,0.379039,1.171,NA,NA,NA,NA,NA,NA,NA
"zbeta0[49]",0.3345483311846,0.333737,0.342022148721407,20000,0.95,-0.0467392,0.733149,NA,NA,NA,NA,NA,NA,NA
"zbeta0[50]",-0.8673959952325,-0.8685485,-0.886831899866767,20000,0.95,-1.26199,-0.472812,NA,NA,NA,NA,NA,NA,NA
"zbeta0[51]",0.115002729031059,0.113833,0.110504136129326,19292.5,0.95,-0.287846,0.533189,NA,NA,NA,NA,NA,NA,NA
"zbeta0[52]",0.41395733434594,0.412468,0.404524288214922,19000.9,0.95,0.0236732,0.833669,NA,NA,NA,NA,NA,NA,NA
"zbeta1[1]",0.179248012586825,0.188833,0.197719172324591,10139.2,0.95,-0.0190464,0.352795,NA,NA,NA,NA,NA,NA,NA
"zbeta1[2]",0.222162626745885,0.2169905,0.212267050443861,16223.8,0.95,0.0462444,0.412223,NA,NA,NA,NA,NA,NA,NA
"zbeta1[3]",0.157753413059262,0.172956,0.196344734375515,8541.9,0.95,-0.0543711,0.330119,NA,NA,NA,NA,NA,NA,NA
"zbeta1[4]",0.170648555755466,0.182177,0.194457270179738,9226.7,0.95,-0.0391737,0.336207,NA,NA,NA,NA,NA,NA,NA
"zbeta1[5]",0.18470199153685,0.192002,0.200570912171102,12253.8,0.95,-0.0117825,0.35087,NA,NA,NA,NA,NA,NA,NA
"zbeta1[6]",0.199559199235475,0.2012675,0.201416692108085,16115.9,0.95,0.0106813,0.370401,NA,NA,NA,NA,NA,NA,NA
"zbeta1[7]",0.220190646534862,0.216396,0.214858491921251,13683.7,0.95,0.035068,0.41482,NA,NA,NA,NA,NA,NA,NA
"zbeta1[8]",0.217311332560225,0.2135445,0.205883034638,14685.4,0.95,0.0331209,0.414607,NA,NA,NA,NA,NA,NA,NA
"zbeta1[9]",0.0981268800705175,0.132942,0.187389530450314,3666.6,0.95,-0.195781,0.299567,NA,NA,NA,NA,NA,NA,NA
"zbeta1[10]",0.2198299518229,0.2164545,0.21798108185049,14792.2,0.95,0.0453355,0.411017,NA,NA,NA,NA,NA,NA,NA
"zbeta1[11]",0.184167601538115,0.191739,0.200216033645674,13709.1,0.95,-0.0105291,0.356658,NA,NA,NA,NA,NA,NA,NA
"zbeta1[12]",0.305301039588075,0.273534,0.221987956173154,4471.6,0.95,0.114165,0.589672,NA,NA,NA,NA,NA,NA,NA
"zbeta1[13]",0.203951498625045,0.205078,0.205292987733386,16760.2,0.95,0.0244179,0.383448,NA,NA,NA,NA,NA,NA,NA
"zbeta1[14]",0.21128564380935,0.209523,0.206567847219307,15159.7,0.95,0.0205675,0.3932,NA,NA,NA,NA,NA,NA,NA
"zbeta1[15]",0.21264699016654,0.2107935,0.202671021002095,13690.8,0.95,0.0330665,0.397815,NA,NA,NA,NA,NA,NA,NA
"zbeta1[16]",0.17458542160436,0.1850295,0.198651029006428,11707.6,0.95,-0.0264951,0.353043,NA,NA,NA,NA,NA,NA,NA
"zbeta1[17]",0.174480130396853,0.184967,0.196651184796304,10745.4,0.95,-0.0263738,0.343755,NA,NA,NA,NA,NA,NA,NA
"zbeta1[18]",0.2195820895602,0.215578,0.203672760691337,13983.2,0.95,0.0426461,0.412784,NA,NA,NA,NA,NA,NA,NA
"zbeta1[19]",0.19588075712475,0.199747,0.198077409649387,14239.4,0.95,0.00626511,0.376909,NA,NA,NA,NA,NA,NA,NA
"zbeta1[20]",0.216915909520375,0.212814,0.201063727672466,15881.9,0.95,0.0265381,0.398849,NA,NA,NA,NA,NA,NA,NA
"zbeta1[21]",0.2523329435366,0.237814,0.21192733351386,7599.6,0.95,0.0827668,0.467149,NA,NA,NA,NA,NA,NA,NA
"zbeta1[22]",0.306218526747,0.2764745,0.221625762837638,4354.1,0.95,0.115984,0.577348,NA,NA,NA,NA,NA,NA,NA
"zbeta1[23]",0.19062913565869,0.1955745,0.200612127003983,12801,0.95,-0.00323758,0.372963,NA,NA,NA,NA,NA,NA,NA
"zbeta1[24]",0.20119116930518,0.202789,0.206242096899744,17378.5,0.95,-0.000463167,0.386554,NA,NA,NA,NA,NA,NA,NA
"zbeta1[25]",0.16732262040713,0.179553,0.196865980523704,10168.1,0.95,-0.0355418,0.344072,NA,NA,NA,NA,NA,NA,NA
"zbeta1[26]",0.209827830909455,0.2087015,0.205532548922338,17167.2,0.95,0.0321478,0.397717,NA,NA,NA,NA,NA,NA,NA
"zbeta1[27]",0.19746010075013,0.2000325,0.199339340144064,16430.7,0.95,0.00586606,0.369796,NA,NA,NA,NA,NA,NA,NA
"zbeta1[28]",0.20477240234045,0.2048245,0.207373447510516,14578.9,0.95,0.0257315,0.390238,NA,NA,NA,NA,NA,NA,NA
"zbeta1[29]",0.22118047372673,0.2169545,0.210439437519367,15951.8,0.95,0.0371391,0.404743,NA,NA,NA,NA,NA,NA,NA
"zbeta1[30]",0.266068974797845,0.245815,0.221511023482018,6315.4,0.95,0.0811054,0.487411,NA,NA,NA,NA,NA,NA,NA
"zbeta1[31]",0.2652933642603,0.246101,0.21472181465023,6614.8,0.95,0.0922305,0.496098,NA,NA,NA,NA,NA,NA,NA
"zbeta1[32]",0.21449129260194,0.2117905,0.204315005747707,17246.3,0.95,0.0367139,0.398618,NA,NA,NA,NA,NA,NA,NA
"zbeta1[33]",0.24087725934435,0.229914,0.20752839900816,8964,0.95,0.0635194,0.436281,NA,NA,NA,NA,NA,NA,NA
"zbeta1[34]",0.16900968399034,0.1816315,0.196412301064377,8631.6,0.95,-0.0459188,0.332207,NA,NA,NA,NA,NA,NA,NA
"zbeta1[35]",0.16759117686741,0.1811495,0.196732506599858,8164.2,0.95,-0.0424761,0.34989,NA,NA,NA,NA,NA,NA,NA
"zbeta1[36]",0.228885647774995,0.221604,0.205712017182799,14017.2,0.95,0.058238,0.431021,NA,NA,NA,NA,NA,NA,NA
"zbeta1[37]",0.170848683069075,0.182461,0.197567697090721,9977.7,0.95,-0.0251649,0.349128,NA,NA,NA,NA,NA,NA,NA
"zbeta1[38]",0.2068376409925,0.2068985,0.206609272729263,17018.4,0.95,0.0313049,0.389085,NA,NA,NA,NA,NA,NA,NA
"zbeta1[39]",0.2125231208385,0.21063,0.211419774799644,16132.9,0.95,0.0288633,0.406282,NA,NA,NA,NA,NA,NA,NA
"zbeta1[40]",0.19472617847125,0.1989415,0.204564774507717,12555.8,0.95,0.00301446,0.363851,NA,NA,NA,NA,NA,NA,NA
"zbeta1[41]",0.2116378020941,0.209397,0.20532483527502,14600.8,0.95,0.0213646,0.397661,NA,NA,NA,NA,NA,NA,NA
"zbeta1[42]",0.18755227333175,0.193493,0.199973800018879,13246.8,0.95,-0.000205989,0.367221,NA,NA,NA,NA,NA,NA,NA
"zbeta1[43]",0.17737207057175,0.1867395,0.196212029156781,11935.4,0.95,-0.0256601,0.345272,NA,NA,NA,NA,NA,NA,NA
"zbeta1[44]",0.193815916736487,0.1987525,0.205173790212207,15564.5,0.95,0.00437463,0.370152,NA,NA,NA,NA,NA,NA,NA
"zbeta1[45]",0.15367044034431,0.169916,0.193418234531659,6059.2,0.95,-0.0554398,0.327251,NA,NA,NA,NA,NA,NA,NA
"zbeta1[46]",0.2705258542207,0.25067,0.228550770773408,6123.4,0.95,0.0961117,0.495878,NA,NA,NA,NA,NA,NA,NA
"zbeta1[47]",0.1909178047732,0.196064,0.196600924774171,11418.5,0.95,-0.00945013,0.383304,NA,NA,NA,NA,NA,NA,NA
"zbeta1[48]",0.23556270211725,0.2260235,0.20690356710077,11239.5,0.95,0.0748543,0.441865,NA,NA,NA,NA,NA,NA,NA
"zbeta1[49]",0.18090523241223,0.189164,0.199437964990378,12550.5,0.95,-0.0145883,0.355955,NA,NA,NA,NA,NA,NA,NA
"zbeta1[50]",0.193419194118795,0.198151,0.200646125860147,15488.1,0.95,0.000132018,0.381779,NA,NA,NA,NA,NA,NA,NA
"zbeta1[51]",0.1809795713854,0.1895625,0.197780857284572,9909.4,0.95,-0.0306038,0.350492,NA,NA,NA,NA,NA,NA,NA
"zbeta1[52]",0.25434037425115,0.239375,0.216891105984729,8363.9,0.95,0.0797694,0.466632,NA,NA,NA,NA,NA,NA,NA
"zbeta0mu",0.006688203505512,0.005774615,-0.00593020365244823,20643.2,0.95,-0.235246,0.251021,NA,NA,NA,NA,NA,NA,NA
"zbeta1mu",0.20543135959,0.205381,0.201629237450919,6748,0.95,0.141529,0.269351,NA,NA,NA,NA,NA,NA,NA
"zsigma",0.47533506315,0.4755985,0.475710990335807,19020,0.95,0.414897,0.540114,NA,NA,NA,NA,NA,NA,NA
"sigma",7018.9186055,7022.81,7024.47133367731,19020,0.95,6126.48,7975.46,NA,NA,NA,NA,NA,NA,NA
"nu",20.228778552,14.08195,8.88606497355545,14067.3,0.95,3.44452,56.4181,NA,NA,NA,NA,NA,NA,NA
"zbeta0sigma",0.8561136743,0.848399,0.825514923618741,20000,0.95,0.679869,1.03941,NA,NA,NA,NA,NA,NA,NA
"zbeta1sigma",0.086241065297,0.08389585,0.0873745365990363,1664.7,0.95,0.001006,0.17439,NA,NA,NA,NA,NA,NA,NA
